User_ID,User_Name,AI,FillintheBlanks,Lesson,MainMenu,Map,MatchFollowings,Quiz,Selection,Store,TrueFalse,Unscramble
1.14202E+12,krizia,0,0,60.44167328,9.654893875,1.133448601,0,0,0,0,0,0
2.09202E+12,karis,1.936248779,0,248.0539551,174.1820374,34.66529846,0,27.22210693,0,0,52.9921875,0
1.1092E+12,bebo,2.857049942,34.0526886,146.2117767,216.34375,269.6208496,0,0,253.3815613,0,0,0
1.2192E+13,tom,1.201805115,20.33099365,0,40.86530304,102.4694748,0,83.44735718,0,10.58256531,0,13.17044067
1.5422E+13,casio,0,0,0,0,0,0,0,0,0,0,0
1.6442E+13,morally,0,0,0,0,0,0,0,0,0,0,0
1.7282E+13,liza,0,0,60.09606934,12.36216354,7.630794525,0,0,0,0,0,0
1.8502E+13,mohid,0,0,459.3242493,11.06042099,6.045658112,0,0,0,0,0,0
2.7162E+13,rebecca,1.217245102,45.45540237,0,23.56464005,5.319215775,0,0,0,0,0,0
2.8072E+13,musa,0,0,0,0,0,0,0,0,0,0,0
1.01532E+14,freshteh,0,101.3516846,207.5018158,39.13774872,95.0703125,0,150.7196655,0,0,78.07568359,129.776123
1.08422E+14,nombre  es  iris,0,0,0,6.521012783,8.926441193,0,70.82398987,0,0,0,0
3.27532E+14,hilo,1.42388916,43.7102356,192.8904877,33.48681641,43.96870422,0,89.28930664,0,0,0,0
5.05122E+14,michael,0.953460693,0,84.08673096,99.7263031,73.34833527,0,0,0,13.24806976,0,0
6.30192E+14,dahlia,0,0,20.05940247,19.38121033,17.25941086,0,0,0,0,0,0
7.02542E+14,Teddy,0,0,0,21.80634308,3.417173386,0,3.550491333,0,11.08484459,0,0
7.03342E+14,lucy,0,0,970.0299072,149.6145172,4.190826416,0,0,0,0,0,0
7.05212E+14,mary,0,0,0,0,0,0,0,0,0,0,0
7.06002E+14,samy,0.598335266,0,22.01072693,37.13510132,22.731987,0,0,0,0,0,0
7.06372E+14,you?,0,0,133.4923553,10.35861206,9.011787415,0,0,0,0,0,0
7.06432E+14,to  cure  illness,0,0,0,0,0,0,0,0,0,0,0
7.13182E+14,kannada  poems,0,0,0,16.90631104,192.4213257,0,0,11.92692566,11.89486694,0,9.957794189
7.13572E+14,jpbabu,0,0,42.75611115,9.37424469,33.14811707,0,0,0,21.13542747,0,0
7.18262E+14,amro,0,40.16241455,384.3461304,129.038208,131.6338196,0,77.7506485,0,0,21.12670898,0
7.23082E+14,Zoey,2.20916748,72.53259277,225.5859985,515.0667725,75.62176514,0,0,0,0,54.78421021,0
7.24132E+14,kyle,2.371994019,8.035583496,612.5773926,111.1763611,71.03239441,0,59.1374054,0,0,0,5.785644531
7.27382E+14,sonia,0,0,0,7.998251915,1.759838104,0,36.95403671,0,0,0,0
7.28062E+14,george,0,0,542.4019165,32.05528259,64.06087494,0,21.53649902,98.44549561,0,83.23339844,5.225952148
8.02142E+14,hospital,0,773.5055542,0,6.833870888,316.4352722,0,63.96552658,0,0,0,0
8.03042E+14,apollo,1.62612915,61.87670898,108.8307724,58.57169342,72.67012787,0,66.80474854,0,0,53.7623291,25.1461792
8.05562E+14,Yesha Nicole ,0,0,149.6848755,12.76593208,77.68730164,0,64.04350281,0,0,84.94244385,0
8.10182E+14,alisha,0,0,0,0,0,0,0,0,0,0,0
8.13352E+14,yfhffhyf,0,9.839599609,0,6.331443787,388.6755676,0,0,0,16.15666962,0,0
8.13372E+14,tanushri,0,0,0,40.32612991,8.667022705,0,61.7616806,0,0,0,0
8.18192E+14,welcome,0,0,0,7.187188148,19.3289566,0,18.92881012,0,0,7.484661102,0
8.18412E+14,khansa,0,0,0,0,0,0,0,0,0,0,0
8.24412E+14,kyle,0,0,0,0,0,0,0,0,0,0,0
8.27062E+14,red,0,0,0,0,0,0,0,0,0,0,0
8.27142E+14,cali,0.918823242,0,88.83776855,165.6457825,125.3459473,0,0,0,0,64.62722778,0
8.27502E+14,hola,2.890274048,2.004760742,854.9130859,131.2009125,234.713501,33.48046875,123.8140411,0,0,64.22094727,0
8.28112E+14,sam,0,166.715332,66.28120422,9.106060028,581.585144,0,114.3339233,5.049316406,203.2248383,129.4388733,0
8.28172E+13,teddy,3.64251709,31.52661133,0,93.93481445,251.8927307,0,83.82535553,0,104.0591736,183.4234009,0
8.29042E+14,bow,0,0,0,129.2625122,166.86203,0,0,7.748168945,22.85224915,0,9.150665283
8.29592E+14,cow,0,72.62025452,0,2.023875237,27.80290604,0,62.12962341,30.22937393,0,36.18665314,32.77280426
9.01212E+14,maximilian-leonard,1.252494812,15.07373047,591.4924316,145.3349304,223.1746979,30.30767822,0,0,0,85.18481445,0
9.01242E+14,john,2.500495911,52.49810028,114.6647644,51.74775696,29.6574707,0,1.966598511,0,0,65.96875,0
9.01352E+14,kika,2.54788208,0,520.2471924,151.1624908,49.28781128,0,123.6717834,1.315979004,0,11.28808594,0
9.01402E+14,siri,0,0,0,0,0,0,0,0,0,0,0
9.02002E+14,gandi,0,0,0,0,0,0,0,0,0,0,0
9.02502E+14,H,0.917449951,0,255.9200897,187.2569427,19.89797974,0,0,0,0,0,0
9.04132E+14,thomas,0,0,72.30944824,20.20534515,9.278171539,0,0,0,0,0,0
9.04172E+14,can  please,0,0,162.4160309,26.48087311,48.19107437,0,91.37265015,0,0,108.4432068,0
9.04342E+14,advik,0,0,0,0,0,0,0,0,0,0,0
9.05152E+14,you?,0,0,0,0,0,0,0,0,73.61671448,0,0
9.05222E+14,azmin,0,0,0,0,0,0,0,0,0,0,0
9.06062E+13,christy,0,0,0,0,0,0,0,0,0,0,0
9.08202E+14,ted,0,0,0,0,0,0,0,0,0,0,0
9.16592E+14,ted,1.616485596,7.015441895,82.25332642,109.5983582,128.4451294,0,83.18591309,51.65802002,25.12902832,47.20863342,5.082519531
9.20402E+14,sol,0,0,252.9016266,8.097532272,72.14723206,0,162.5310059,0,24.465271,0,0
9.21502E+14,elani,0,0,0,3.122429848,6.948895454,0,52.77819443,0,0,0,0
9.24262E+14,anna,0,0,0,0,0,0,0,0,0,0,0
9.27012E+14,EzRa,1.129940033,0,3.224067688,55.41318893,7.511989594,0,0,0,0,61.24198151,0
9.27482E+14,emi,1.743293762,27.10107422,167.3130035,82.0241394,104.1481781,0,28.35266113,49.28973389,0,8.053253174,0
9.28412E+14,stupid  stupid,0,0,92.94509888,24.54412842,69.22200012,0,0,0,30.54265976,0,0
1.0013E+15,uu  hui,0,0,0,0,0,0,0,0,0,0,0
1.00336E+15,aarav,0,0,0,6.909329891,17.86893082,0,70.09187317,0,0,0,0
1.00342E+15,amelia,1.018859863,0,0,229.4248962,22.91360474,0,4.576305389,0,30.29819489,0,37.88113403
1.0035E+15,im  boo,0,73.32910156,76.46199036,24.47385597,50.93932724,0,0,0,0,31.30186462,0
1.00434E+15,ketlen,2.037994385,7.534240723,9.67199707,52.92390442,120.8474731,0,396.7260742,0,0,0,0
1.00507E+15,charlie,0,0,0,0,0,0,0,0,0,0,0
1.00526E+15,sushmit,0,0,0,0,0,0,0,0,0,0,0
1.00541E+15,saptadhiti  m,0,0,180.9761505,7.826172829,144.7701721,0,159.4233704,0,0,94.0378418,0
1.00614E+15,zara,0,126.339592,313.7840881,11.4162178,44.83229065,0,0,0,0,0,0
1.00706E+15,alexsandra,0,0,0,0,0,0,0,0,0,0,0
1.00839E+15,me  audible,0,26.92897415,0,5.579620361,6.080131531,0,0,0,0,0,0
1.01035E+15,telling,0,105.9868774,0,28.6665802,237.828064,0,57.40496826,0,0,64.98684692,0
1.01227E+15,suz,0,0,0,0,0,0,0,0,0,0,0
1.01232E+15,isac,0,0,0,0,0,0,0,0,0,0,0
1.01257E+15,you?,0,0,0,0,0,0,0,0,0,0,0
1.01322E+15,what  life,0,0,0,0,0,0,0,0,0,0,0
1.01647E+15,gemma,0,84.25415039,259.1953125,38.21279907,245.5497742,0,240.0797119,0,0,169.439209,0
1.01718E+14,nonnon,1.196960449,294.3024902,412.9969788,200.4120789,14.89068604,0,0,0,0,0,0
1.01802E+15,racing  games,2.690002441,0,68.62039185,135.0137634,12.07971191,0,0,0,0,0,0
1.0193E+15,noh,0,0,39.16009521,216.996521,57.25720215,0,0,0,0,0,0
1.01956E+15,riley,0,0,0,0,0,0,0,0,0,0,0
1.02054E+15,sava,0,0,0,0,0,0,0,0,0,0,0
1.02349E+15,mark  gar,0,0,0,0,0,0,0,0,0,0,0
1.02455E+15,daircy,0,0,0,0,0,0,0,0,0,0,0
1.02601E+14,lisa,0,0,0,38.06787491,18.04352188,0,75.42102051,0,0,0,0
1.02637E+14,ranya,0,0,97.1882782,7.197516441,10.65724277,0,0,0,0,0,0
1.02645E+15,joy,0,0,0,3.351534605,11.15812492,0,0,256.8504639,0,507.6276855,598.0305786
1.02656E+15,ben,0,0,121.6029358,3.186857462,36.8967514,0,8.053405762,0,0,0,0
1.02749E+15,let's  play,1.39641571,0,69.60866547,76.52801514,37.28946686,0,2.510375977,0,0,0,0
1.02806E+15,siho,2.957351685,0,0,39.632164,56.80754089,0,79.39703369,0,0,0,0
1.02826E+15,kal,0,0,0,0,0,0,0,0,0,0,0
1.10106E+15,because  think,0,0,0,0,0,0,0,0,0,0,0
1.1033E+15,letters,0,0,63.76462555,8.502826691,12.41557312,0,0,0,0,0,0
1.10545E+15,arnav  singh,0,0,119.423317,19.99884415,118.275383,0,45.88925171,0,0,0,0
1.10731E+15,ÂÉï„ÅÆÂêçÂâç„ÅØ„ÄÅÂ§™Áî∞ÂçìÊµ∑„Åß„Åô,0,0,0,0,0,0,0,0,0,0,0
1.1082E+15,jamal,0.866760254,250.7294922,460.5381165,72.10797119,190.4741211,28.03674316,75.65942383,0,0,51.47265625,0
1.10956E+15,Jennifer,1.093200684,74.20678711,403.4848328,266.067688,226.9452972,14.89105225,184.7218323,24.6307373,0,39.27325439,39.50524902
1.11126E+15,aya,1.235855103,0,10.63896942,53.20265198,18.00596619,0,0,0,0,0,0
1.11137E+15,red,2.458984375,0,699.4127197,1049.394043,199.0490723,0,0,45.73803711,71.65588379,28.16381836,148.6546631
1.11239E+15,olynne,0,0,85.33566284,74.89431763,2.322967529,0,0,0,0,0,0
1.11404E+15,what  your  name?,0.885940552,28.46099854,0,130.8322754,82.18359375,0,152.1948395,0,0,139.7581787,0
1.11514E+15,vojta,0,0,16.19478607,13.00649643,33.8496666,0,0,0,0,0,0
1.11551E+15,pradip,0.951889038,0,90.40441895,135.4862366,5.477035522,0,0,0,0,0,0
1.11726E+14,red,0,1.12298584,2.195034027,12.117136,14.56647873,0,6.592621803,0,0,0,1.024154663
1.11738E+15,helen,4.096679688,237.6235962,274.4176941,154.4308319,142.3253174,0,700.1447144,0,0,106.6207886,90.99899292
1.12211E+15,sore,1.300933838,0,0,251.0757141,41.22932434,0,100.3666382,0,0,0,0
1.12343E+15,pauldy,0,0,9.223407745,8.034832954,1.424106598,0,0,0,0,0,0
1.12421E+15,lily,0,0,0,0,0,0,0,0,0,0,0
1.12442E+15,jennifer,0,0,0,0,0,0,0,0,0,0,0
1.12452E+15,maynor,0.916625977,0,0,622.7531738,23.85011292,0,91.28320313,0,0,0,0
1.12514E+15,yes,0,0,0,0,0,0,0,0,0,0,0
1.12605E+15,ronald,0,0,0,0,0,0,0,0,0,0,0
1.12702E+15,jamila,3.733364105,0,0,42.08619308,23.11687088,0,151.8666077,0,0,0,0
1.1271E+15,isla,0.971641541,0,0,61.14799881,19.35727692,0,0,0,0,10.64199829,0
1.12716E+15,ted,0,0,0,0,0,0,0,0,0,0,0
1.12717E+15,bella,0,0,0,0,0,0,0,0,0,0,0
1.12749E+15,yeah  teddy  me,0,0,0,0,0,0,0,0,0,0,0
1.12856E+14,andressa,0,0,0,129.6947174,22.32090759,0,48.21131897,0,0,0,0
1.12958E+14,yes,0,0,0,0,0,0,0,0,0,0,0
1.13026E+15,ruqaiyah,0,39.75009155,0,58.94826889,114.1105194,0,126.2883453,11.18026733,0,0,0
1.13028E+15,bear,1.032932281,0,45.03277588,113.4427261,153.5746155,113.8389282,506.7852173,0,21.89141846,62.57553101,6.897277832
1.20423E+15,it's  cute  teddy,0.716421127,0,47.72060013,35.59145737,81.15596771,0,0,0,0,146.8841553,0
1.20442E+15,abc,0,0,118.8283234,135.1701965,120.3167419,34.10183716,0,0,64.71237183,48.28710938,0
1.20751E+15,hii,0,0,6.564388275,5.329191208,5.59589386,0,0,0,0,0,0
1.20805E+15,amanda,4.076385498,86.34649658,114.552063,138.484436,28.1991272,0,15.77331543,0,0,19.47790527,0
1.20912E+15,rose@{‚óè¬•‚óè}@,1.049957275,0,130.9662781,152.7897491,21.21716309,0,71.81610107,0,0,36.71539307,0
1.20946E+15,iris,1.688751221,0,54.86045837,136.0513763,86.42259979,0,0,0,0,15.2940979,0
1.21251E+15,ishika,0,0,0,2.3374753,4.718080044,0,80.0574646,0,0,0,0
1.21616E+15,justice,0,0,0,0,0,0,0,0,0,0,0
1.21652E+15,jansezim,0,0,95.10070801,30.59323502,28.0362854,0,141.0245667,0,0,0,0
1.21903E+14,joe,0,0,17.23312378,142.8585358,4.549613953,0,0,0,0,0,0
1.21922E+15,Angelina,0,280.2497559,794.4995117,27.73647881,285.1496582,0,547.2336426,69.63391113,0,103.8165894,87.44958496
1.22045E+15,roopkatha,2.701202393,0,20.15908813,205.8625488,96.67686462,0,149.7506104,39.68447876,0,14.43984985,0
1.22106E+15,treyvarni,0,0,0,0,0,0,0,0,0,0,0
1.22608E+15,anand,0,0,8.703788757,27.46854782,11.64569855,0,0,0,0,0,0
1.22619E+15,james  khoa,0,0,0,0,0,0,0,0,0,0,0
1.22749E+15,okay,1.968414307,0,133.1630554,78.56589508,77.88184357,0,243.5586395,0,0,0,0
1.22808E+15,maxine,0.805419922,0,24.66439819,180.6931458,2.111465454,0,0,0,0,0,0
1.22811E+14,elson,0,0,0,0,0,0,0,0,0,0,0
1.22826E+15,leon  jimmy  here,0,0,0,0,0,0,0,0,0,0,0
1.22903E+15,bradley,0,0,3.506637573,23.7365818,9.134910583,0,0,0,0,0,0
1.30106E+15,god,0,0,0,0,0,0,0,0,0,0,0
1.30128E+15,abigail,0,0,137.3580322,25.99847794,2.38848114,0,0,0,0,0,0
1.30219E+15,hcjs,0,0,0,55.07739258,64.2227478,0,0,42.21600342,0,73.95697021,0
1.30349E+15,shahidullah,1.881347656,19.70257568,0,248.6055908,61.1343689,0,0,0,0,0,0
1.3055E+15,gorilla,0,0,0,0,0,0,0,0,0,0,0
1.30557E+15,dieter,1.728939056,0,85.41799927,41.8806839,10.87594223,0,0,0,0,0,0
1.30653E+15,≈üervan,0,0,0,1.232754469,3.419326782,0,46.38788223,0,0,0,0
1.30925E+15,pradip,0,0,8.484138489,16.20195961,16.01479721,0,0,0,0,0,0
1.30926E+15,iris,0,0,58.55950928,80.52586365,81.31506348,0,9.612182617,0,0,10.07841492,0
1.31627E+15,bell,1.341842651,0,0,78.30471802,15.28500366,0,63.46258545,0,0,0,0
1.31637E+15,aya,0,0,155.8360443,22.55973816,3.498451233,0,0,0,0,0,0
1.317E+15,zoe,2.216552734,0,84.1829834,1546.540039,60.03515625,0,438.083313,74.2166748,9.383300781,52.3338623,210.6832275
1.31934E+15,can't  hear,1.22328186,0,161.4011841,23.1529541,19.45761108,0,0,0,0,0,0
1.32013E+15,aishani    maity,1.134979248,0,127.6143799,221.7963257,12.70620728,0,173.2202454,0,0,0,0
1.32119E+15,uma,0,0,0,0,0,0,0,0,0,0,0
1.32126E+15,qpr,0,0,0,0,0,0,0,0,0,0,0
1.32136E+14,vanessa,0,0,0,0,0,0,0,0,0,0,0
1.3215E+15,manish,0,0,0,0,0,0,0,0,0,0,0
1.32412E+15,kyle,2.138519287,46.0532074,0,272.3459473,29.4851532,0,0,0,0,0,7.015991211
1.32438E+15,pradip,0,0,0,10.88156509,10.2029953,0,0,0,0,0,0
1.32439E+15,pradip,0,0,0,0,0,0,0,0,0,0,0
1.32447E+15,amal,0,0,235.9600983,32.18515015,36.95735931,0,0,0,0,0,0
1.32707E+15,ella  grace,2.504638672,0,43.18838501,34.48416901,14.39498901,0,0,0,0,0,102.9296112
1.32729E+15,tina,0,0,0,20.54505539,38.50688934,0,10.4868927,0,0,111.3990936,5.4012146
1.32744E+15,aashwika,0,0,0,0,0,0,0,0,0,0,0
1.32852E+14,ryan,0,4.548509598,180.756958,1.897680044,9.500598907,0,0,0,0,0,5.069115639
1.32919E+15,emily,0,0,0,0,0,0,0,0,0,0,0
1.32938E+14,and  anna,0,0,15.83987427,12.0452652,22.79026794,0,18.07804871,0,0,19.31359863,14.08546448
1.32949E+15,iris,2.428955078,0,0,1780.633789,7.551513672,0,72.71313477,0,0,0,0
1.33135E+15,bobby,0.851013184,0,75.98309326,76.75593567,31.91977692,0,0,0,0,0,0
1.40141E+15,noor,0,2.91595459,282.1537476,1.919446468,41.98894119,0,0,0,0,1.716156006,0
1.40246E+15,nam  lena,0,0,0,30.94398499,15.37001038,0,54.6065979,0,0,0,0
1.40248E+15,amigo,0,0,0,39.93309021,16.67564392,0,0,0,0,30.92235565,0
1.40324E+15,Bernard,0,0,0,1.286400795,6.151703835,0,4.68346405,0,0,0,0
1.40522E+15,damian,0,0,367.2114868,27.04586792,38.18417358,0,0,0,0,0,0
1.40624E+15,eden,1.327430725,0,57.14279175,62.62893677,55.9509964,0,80.27709961,0,0,61.00735474,49.17831421
1.40713E+15,My Special Friend,1.66696167,0,27.15335083,275.0079346,45.05645752,0,14.48544312,0,0,0,0
1.4072E+15,juli√°n,0,0,0,0,0,0,0,0,0,0,0
1.40926E+15,not  gem,0,0,0,0,0,0,0,0,0,0,0
1.41102E+15,mostafa,0,0,0,0,0,0,0,0,0,0,0
1.41142E+14,tony  jacob  doing?,0,0,0,78.50101471,5.916641235,0,32.23327637,0,0,15.0838623,0
1.41233E+15,joe,0,0,0,134.0308838,12.34622192,0,0,0,0,10.0324707,8.148574829
1.41331E+15,jana,0,0,0,0,0,0,0,0,0,0,0
1.41606E+15,ted,0,0,0,0,0,0,0,0,0,0,0
1.4173E+15,pauline,0,0,0,0,0,0,0,0,0,0,0
1.4205E+15,paulina,0,0,0,0,0,0,0,0,0,0,0
1.42117E+15,jonathan,0,0,0,0,0,0,0,0,0,0,0
1.4212E+15,ayra,0.920043945,0,8.417205811,76.50784302,24.67628479,0,0,0,0,0,0
1.42155E+14,johanna,0.966644287,0,120.1026611,169.3701477,64.63406372,0,97.41311646,31.90948486,0,0,0
1.42616E+15,treyvarni,3.699508667,0,0,92.84443665,21.23118019,0,55.62973022,0,0,0,0
1.42809E+15,theertha,2.164749146,0,0,168.7381592,4.546081543,0,59.23046875,0,0,0,0
1.42817E+15,riya,0,0,145.9631195,110.9709091,122.3143463,0,55.82702637,0,66.88570404,0,10.02624512
1.42907E+15,Juhi,0,0,0,8.03563118,5.132979393,0,0,0,0,0,122.3667755
1.43044E+15,max,0,0,0,0,0,0,0,0,0,0,0
1.43106E+15,Mayank,3.391662598,91.35253906,481.5063171,187.5527344,91.3692627,0,0,0,22.43658447,0,0
1.50122E+14,benicio,0,0,0,0,0,0,0,0,0,0,0
1.50149E+15,michael,1.138391495,5.977897644,0,31.14248085,16.86666489,0,51.9928894,0,0,0,0
1.50157E+15,help  germany,0,0,243.4265137,12.49349976,6.463165283,0,0,0,0,0,0
1.5022E+15,yvonne,3.282012939,3.815185547,150.1551208,296.1990967,81.73312378,0,0,0,0,0,0
1.50554E+15,Amit,0.97341156,32.31091309,0,124.5640869,36.54957581,0,0,92.40890503,0,0,0
1.51026E+15,aptyp,0,0,0,0,0,0,0,0,0,0,0
1.51343E+14,peter,2.357849121,0,121.4627686,157.2801208,26.30172729,0,46.65895081,0,0,45.49664307,26.21871948
1.51447E+15,nissan,0,0,0,39.38691711,8.355628967,0,42.08261871,0,0,0,0
1.51649E+15,aanya,0,0,0,0,0,0,0,0,0,0,0
1.51747E+15,deirdre,0.983329773,0,98.87011719,93.5166626,41.66665649,0,0,0,0,0,0
1.51816E+15,kill,0,0,0,53.56671143,9.465240479,0,63.37634277,0,0,0,0
1.5204E+15,Donna,0.897415161,0,0,197.126358,21.57298279,0,0,0,0,54.97875977,0
1.5205E+15,lucy,0,0,0,0,0,0,0,0,0,0,0
1.52155E+15,elin,1.16960144,0,92.29761505,41.44152451,14.41904449,0,0,28.20394897,0,57.05952454,0
1.52316E+15,pradip  test,0,0,0,9.951862335,6.733052254,0,0,0,0,0,0
1.52353E+15,Enes,0.833129883,36.60528564,156.7845459,490.0708923,77.67670441,0,0,0,28.82440186,41.58718872,0
1.52748E+15,denzel,0,0,0,11.5806427,19.55996704,0,15.25550842,0,0,0,0
1.52824E+15,english  tutor,0.939819336,75.08422852,1153.557251,448.9552917,30.50527954,0,70.81958008,0,23.59661865,0,0
1.52933E+14,joy,0,0,0,2.391907454,8.199356079,56.9333725,0,0,0,0,0
1.5305E+15,√ßaƒüatay,0,0,0,0,0,0,0,0,0,0,0
1.60229E+15,megan,0,0,0,119.4328766,62.51679993,0,96.23114014,0,24.07471466,0,0
1.60256E+15,sanu,0,0,0,3.019931793,6.045165062,0,109.8227005,0,0,0,0
1.60418E+15,mehves,0,268.5634766,72.83656311,11.15798187,223.4509888,75.04699707,17.93729782,0,126.4660187,48.74528503,34.06736755
1.60552E+15,isla,1.743902206,0,0,37.82236481,2.391609192,0,55.67242432,0,0,0,0
1.60714E+15,yes  yes,0,0,0,0,0,0,0,0,0,0,0
1.60728E+15,sienna,2.046051025,0,386.420105,63.76309967,6.271438599,0,0,0,0,0,0
1.60803E+15,shut  fuck  up,0,0,0,0,0,0,0,0,0,0,0
1.60828E+15,maxim,0,0,0,0,0,0,0,0,0,0,0
1.61004E+15,pauldy  otermans,0,0,0,60.77392197,2.71295929,0,4.466323853,0,0,0,0
1.61055E+15,faith,1.178833008,69.89282227,204.7505188,562.6407471,42.14199829,0,0,0,0,0,0
1.61421E+15,Gigi,0,4.775184631,0,76.78801727,20.26635742,0,0,0,0,0,0
1.61516E+15,to  bang  mean,0,0,0,0,0,0,0,0,0,0,0
1.61531E+15,audrey,0,0,0,0,0,0,0,0,0,0,0
1.61556E+15,alejandra,0,0,0,0,0,0,0,0,0,0,0
1.61611E+15,dayan,0,0,0,0,0,0,0,0,0,0,0
1.61635E+14,ma-hiya,0,0,0,0,0,0,0,0,0,0,0
1.61841E+15,j√©sus-marie,0,9.306182861,0,29.81492043,254.723877,0,10.42019653,0,0,0,0
1.61929E+15,aeri,0,0,78.06565094,32.25353241,5.785514832,0,0,0,0,0,0
1.61935E+15,aubrey,1.33303833,0,0,111.5588608,55.05474854,0,268.8076172,0,0,0,0
1.62127E+15,mazen,0,0,0,2.870242596,38.70736313,0,0,0,0,44.80786133,0
1.62227E+14,rishi,0,0,0,0,0,0,0,0,0,0,0
1.62348E+15,albania,0,0,0,0,0,0,0,0,0,0,0
1.62548E+15,hallo,0,0,0,0,0,0,0,0,0,0,0
1.62607E+14,what  can  do?,0.821237564,38.06164551,0,31.36720085,28.42016983,23.07723999,0,0,0,78.29876709,0
1.62644E+15,speak  up,2.72038269,0,201.4874573,155.2006226,14.93507385,0,0,0,0,0,0
1.62739E+15,kaja,0,0,0,0,0,0,0,0,0,0,0
1.70214E+15,gummibar,1.12889576,41.82062531,173.8165283,16.35383987,40.83491516,0,0,0,0,34.85492325,0
1.70252E+15,hii  john  x,2.786399841,0,19.88796997,66.5894928,19.72107315,0,0,0,8.943107605,0,0
1.70305E+15,devonte,0,0,58.37991333,14.73236465,39.88147736,0,29.5032959,0,0,0,0
1.7032E+15,juju,0,0,0,11.07581329,4.835090637,0,53.24001312,0,0,0,0
1.70521E+15,what  your,0,0,0,6.084242821,12.64873695,0,0,0,0,0,0
1.70538E+15,livia,0,0,0,0,0,0,0,0,0,0,0
1.70721E+15,ripple,0,0,293.4129639,11.16772079,7.599727631,0,0,0,0,0,0
1.70808E+15,johnny,2.102508545,0,0,62.02927399,62.31538391,0,1011.882751,0,0,0,0
1.70822E+15,relationship,0,32.5880127,0,28.24313354,99.78385925,0,9.976074219,8.62310791,0,9.490509033,0
1.70827E+15,teddy,0,0,259.3640442,7.615310669,90.44247437,0,196.9881592,0,0,21.21142578,0
1.70831E+14,why,0,0,0,0,0,0,0,0,0,0,0
1.70914E+15,lotus,2.160964966,145.0203857,0,126.5976028,57.05871582,0,119.7388916,0,0,0,0
1.70951E+15,ibrahim,0,0,64.23786163,8.81917572,9.519771576,0,0,0,0,0,0
1.71227E+15,today?,0,0,0,0,0,0,0,0,0,0,0
1.71304E+15,amia,0.686279297,0,0,175.8041687,192.1243439,0,102.9089966,0,49.49606323,0,0
1.71539E+15,rion,1.040534973,0,212.5919342,65.43585205,32.91906738,0,0,0,0,14.58350372,0
1.71553E+15,grayson,1.318275452,0,119.1361237,45.43886185,37.17266846,0,0,0,0,0,0
1.71751E+15,grace,1.95463562,0,805.2266235,30.59011078,7.417037964,0,0,0,0,0,0
1.7182E+15,sorry,0,0,58.32622528,6.79737854,5.748626709,0,78.44015503,0,0,0,0
1.71915E+15,teddy,2.85521698,80.88955688,51.4418602,50.82820892,42.59043121,0,0,0,21.88017273,0,0
1.72019E+15,aeri,0.133073807,0,0,19.37443352,4.973587036,0,69.73152924,0,0,0,0
1.72125E+15,dude,0,0,932.421875,78.67443085,138.7099304,0,108.5213623,0,0,0,222.567627
1.72152E+15,",hi  teddy",0,0,0,0,0,0,0,0,0,0,0
1.72315E+15,laura,0,0,0,0,0,0,0,0,0,0,0
1.72324E+15,vanessa,0,0,0,0,0,0,0,0,0,0,0
1.72352E+15,fred,0,0,0,0,0,0,0,0,0,0,0
1.72558E+15,babe,0,28.9899292,39.71290588,14.57310581,116.4255066,0,18.7495575,0,0,29.05609131,5.561767578
1.72603E+15,oh  yeah,0,0,0,0,0,0,0,0,0,0,0
1.7262E+15,falling  portuguese,0,0,0,0,0,0,0,0,0,0,0
1.72639E+15,yeah  zuzia,0,0,0,0,0,0,0,0,0,0,0
1.72703E+15,nigger,0,0,0,0,0,0,0,0,0,0,0
1.72726E+15,committee,0,0,7.958312988,17.37496567,34.80815887,0,4.016654968,31.42494202,0,0,0
1.72727E+15,niger,0,0,0,0,0,0,0,0,0,0,0
1.72747E+14,nifemi    nigger,0.817626953,45.96858215,0,502.6374512,57.22103882,0,12.3973999,30.20025635,21.74395752,32.78637695,0
1.72752E+15,gopisha,2.266601563,0,72.78167725,418.8656311,19.79968262,0,14.84973145,0,0,0,0
1.729E+15,kika,0,0,596.25,477.9631348,169.2454376,49.59307861,0,0,0,10.71084595,0
1.73041E+15,toy,0,0,0,6.394711494,11.22297573,0,0,0,0,62.00717163,0
1.73054E+15,kika,0,191.8073425,473.6488037,21.8802948,67.34635162,0,302.1112061,0,0,0,0
1.801E+15,darren,0,0,0,0,0,0,0,0,0,0,0
1.80311E+15,vit√≥ria,0,0,0,0,0,0,0,0,0,0,0
1.8033E+15,danika,0,0,135.8400116,3.270710945,8.484729767,0,0,0,0,0,0
1.80336E+14,ƒ±  can't  hear  oh,0,0,0,56.38074112,52.60165405,0,35.38398743,0,0,37.49874878,0
1.80344E+15,ruchi,2.462158203,77.26196289,80.35253906,3509.552002,222.1326904,0,715.7235718,36.85083008,57.59155273,182.8081055,4.875
1.80711E+15,gwen,0,0,0,0,0,0,0,0,0,0,0
1.80715E+15,need  to  go,0,0,0,0,0,0,0,0,0,0,0
1.8095E+15,hai,0,0,0,0,0,0,0,0,0,0,0
1.81057E+15,Magdalena ,0,0,86.62547302,54.88916016,15.53842163,0,0,0,0,0,0
1.81146E+15,mia,0,0,213.5411072,9.729057312,4.465072632,0,0,0,0,0,0
1.81704E+15,sorry,0,0,118.2661133,63.91341782,8.431015015,0,0,0,0,0,0
1.81802E+15,where  say?,0,0,0,0,0,0,0,0,0,0,0
1.82107E+15,onthatile,0.91809082,0,88.9375,324.113739,10.5824585,0,0,0,0,50.31072998,0
1.82358E+15,yes,0,0,0,0,0,0,0,0,0,0,0
1.8263E+15,Enaes,1.84942627,7.547615051,12.94599915,100.8552933,326.9651794,104.6508331,2.71585083,262.5349731,49.71789551,0,4.182006836
1.82715E+15,katie,0,0,0,0,0,0,0,0,0,0,0
1.82901E+15,gabriel,0,499.3677368,5.758239746,65.70685577,110.5420532,0,0,0,0,105.2036743,0
1.8291E+15,leon,0.671257019,55.22254944,350.8601074,124.4167252,22.22350311,0,13.89315796,0,20.40687561,0,0
1.82924E+15,think  were,0,0,29.21656036,4.2295928,22.67030144,0,60.67912292,41.01272583,0,0,0
1.8301E+15,penelope,3.890304565,0,0,69.79071808,12.75608826,0,44.24539185,0,0,0,0
1.83026E+15,go  to  work,0,0,0,0,0,0,0,0,219.0795135,0,0
1.83106E+15,ezequiel,1.657501221,0,10.73150635,474.6323853,70.22361755,0,74.19378662,0,61.67163086,141.1556396,67.40350342
1.90105E+15,sanja,0,13.55810547,495.6344299,248.4062195,176.7926636,0,88.22412109,159.6003418,120.5788879,10.22045898,0
1.90156E+15,muslima,0,15.77029419,77.67935181,19.19189453,24.71347809,0,162.7236023,0,0,0,0
1.9023E+15,johnsmith,0.467819214,0,20.19651794,70.26409912,7.667060852,0,0,0,12.59620285,0,0
1.90436E+15,rula,0,0,0,0,0,0,0,0,0,0,0
1.9044E+15,ajla,0,0,552.2461548,3.201623917,31.03917122,0,0,0,0,0,68.80550385
1.90657E+15,oh  sorry,0,0,0,0,0,0,0,0,0,0,0
1.90733E+15,tom,0,0,0,0,0,0,0,0,0,0,0
1.90821E+15,laura  donna,1.116271973,0,230.7538147,553.2442627,20.6468277,0,22.36280823,0,0,0,0
1.90851E+15,qwerty,0,0,17.45711517,3.89414978,5.916740417,0,0,0,47.96636963,0,0
1.91118E+15,aptyp,0,53.8267746,22.96607208,11.7864418,40.45763397,0,50.75563049,0,0,0,0
1.91229E+14,atm,0,0,0,0,0,0,0,0,0,0,0
1.9124E+15,amelia,0,0,83.98617554,21.4950943,33.98042297,0,137.2500305,0,0,0,0
1.91441E+15,nicole,0,0,272.554718,27.8791275,21.28933716,0,0,0,14.39682007,0,0
1.91623E+15,leo,0,6.413970947,31.49977875,17.55921936,21.12252808,0,0,0,0,0,0
1.91628E+15,any  song,2.667724609,0,445.1451111,3025.254883,75.76265717,0,95.88946533,0,46.48815918,10.48217773,0
1.91635E+15,ellie,1.035888672,53.51733398,0,2326.767578,22.58984375,0,0,0,0,0,46.68334961
1.9165E+15,Manish Tamang,0.93661499,0,130.2896881,49.67581558,2.070316315,0,0,0,0,0,0
1.91752E+15,Lilly,2.55255127,0,0,176.8002319,39.4151001,0,61.87303162,0,0,16.45516968,0
1.92003E+15,matthias,0,0,0,0,0,0,0,0,0,0,0
1.92031E+15,thomas,0,0,0,0,0,0,0,0,0,0,0
1.92057E+15,laren,0,0,0,176.3726807,55.46831512,0,106.0306091,0,27.30885315,57.52175903,0
1.92129E+15,prathesharn,2.868513107,15.26583481,0,32.43338394,16.78251266,0,0,0,0,0,0
1.92438E+15,you?,0,0,0,12.91807556,21.05271149,0,49.77232361,0,0,0,0
1.92444E+15,joe,0,0,0,0,0,0,0,0,0,0,0
1.92603E+15,mariah,0,0,0,0,0,0,0,0,0,0,0
1.92724E+15,boy  conversation,0,0,41.43524551,1.821731567,16.43896866,0,0,0,0,0,0
1.92746E+15,harmony,1.855957031,105.9692383,35.84106445,1294.94104,278.4818115,0,107.6384125,17.84234619,178.2656555,182.0561218,74.78088379
1.92749E+15,ianis,1.016418457,91.83398438,0,387.6483154,38.11640167,50.88354492,52.01708221,0,0,67.65036011,0
1.92755E+15,duje,0,0,0,0,0,0,0,0,0,0,0
1.92934E+15,teddyteddy,0,0,16.42186737,1.843737602,2.917513371,0,0,0,0,0,0
1.9295E+15,pradip,0,10.59066772,6.916042328,13.56603241,10.80686951,0,0,0,0,0,0
1.93048E+15,Danuja Damsuwa ,2.369743347,198.5386353,259.2662354,166.2637482,79.1343689,0,0,0,38.31628418,112.5287781,0
2.00111E+15,Juan,2.91091156,0,0,4.00470686,9.702270508,0,0,0,0,0,76.23377228
2.00158E+15,iman  naufal,1.148895264,68.71810913,25.1600647,295.2181396,34.58390808,0,74.38931274,0,0,0,0
2.00305E+15,harris,0.851821899,0,121.2766113,67.94926453,13.4616909,0,0,29.84759521,0,0,0
2.00514E+15,miha,0.818595886,47.28948975,206.8262024,64.0512085,82.00904846,0,93.85983276,0,0,0,0
2.00548E+15,haiqah,0,0,0,43.27944946,12.69023895,0,0,0,0,13.48626709,0
2.00709E+15,haii,0,0,97.12004852,5.929222107,16.64702606,0,0,0,0,0,0
2.00713E+15,mirror  about,0,0,378.8964539,232.3806,31.16667175,0,92.16633606,0,0,0,0
2.0074E+15,shannon,0,0,0,0,0,0,0,0,0,0,0
2.00745E+15,noo,2.049545288,66.13046265,0,33.07413483,20.17758179,0,131.294693,0,0,0,0
2.00753E+14,boo  roo,1.648071289,123.0967712,0,129.7718201,32.99299622,0,61.59085083,0,0,0,0
2.00825E+15,leah,0,0,127.9585114,178.5704498,39.29206848,0,0,0,0,90.03610229,0
2.00836E+14,pola,0,0,0,0,0,0,0,0,0,0,0
2.00914E+15,ùêõùê¢ùêöùêßùê§ùêö,0,12.86048889,0,2.906446457,102.3332062,0,0,0,0,114.6240158,0
2.00942E+15,valentina,0,0,0,0,0,0,0,0,0,0,0
2.01227E+15,what  your  name?,2.967269897,0,0,66.9874649,26.90153503,41.83267212,54.05026245,0,0,0,0
2.01303E+15,okay  no  problem,1.133377075,37.78326416,98.73690796,24.46653748,51.31652832,0,0,0,0,0,0
2.0132E+15,sava,1.627338409,0,295.4342041,29.14775658,59.03946686,0,0,0,0,28.65112305,0
2.01326E+15,good  morning,1.033508301,9.069580078,127.570343,446.2893677,34.65600586,0,15.90472412,0,0,0,34.97631836
2.01605E+15,remember  me  paula,0,0,0,0,0,0,0,0,0,0,0
2.01659E+15,everly,0,81.22264099,610.21875,62.25501251,115.6047211,0,86.72277832,0,0,0,0
2.01837E+15,it's,0,0,137.7732086,0.83398056,9.790966034,0,0,0,0,0,0
2.02049E+15,leslie,0,0,0,0,0,0,0,0,0,0,0
2.02112E+15,dramas,0,0,813.0621338,5.40887785,25.27327728,0,0,0,0,0,0
2.02239E+15,"naber,  nasƒ±lsƒ±n",0,0,0,0,0,0,0,0,0,0,0
2.0255E+15,vale,0,83.12389374,193.8817139,52.55921936,74.63598633,0,181.6137848,0,0,0,0
2.02613E+15,enen,0,0,0,0,0,0,0,0,0,0,0
2.02655E+15,medina,0,22.74253845,98.96743774,2.825379372,64.2541275,0,173.5815735,0,0,0,105.4685211
2.02712E+15,victoria,6.21056366,0,0,27.65448761,41.82357025,0,73.50661469,0,0,86.89265442,0
2.02712E+14,dumb,1.050451279,47.15007782,0,26.90394211,41.49969864,0,66.05038452,0,0,79.71689606,0
2.02929E+15,please,1.333374023,122.5888672,227.6365662,261.1755981,239.2402039,80.1583252,82.17483521,479.2449951,21.02294922,35.77844238,0
2.03047E+14,julie,0.91859436,102.0742493,0,196.4514618,7.831466675,0,0,0,0,0,0
2.10115E+15,nivea,0,0,0,0,0,0,0,0,0,0,0
2.10201E+15,olivia,3.040878296,0,0,104.2694931,10.55749512,0,71.64208984,0,0,0,0
2.10217E+15,crystal,0,120.4664917,276.1846313,63.24698639,156.0667725,0,6.010864258,0,0,125.7633667,2.357788086
2.10218E+15,sawyer,3.74036026,0,174.5094299,41.26052094,22.85452271,0,0,0,0,0,0
2.10227E+15,grace,0,0,0,0,0,0,0,0,0,0,0
2.10237E+15,mahogany,0,0,0,0,0,0,0,0,0,0,0
2.10314E+15,Lily,0.749477386,0,0,182.8396454,15.43902588,89.25308228,45.78408813,0,30.21187973,0,26.38119507
2.10408E+15,lesley,0,0,0,0,0,0,0,0,0,0,0
2.10535E+15,what's  your  name?,0,0,0,221.488327,56.17402649,0,127.7442474,0,55.10379028,0,0
2.10542E+15,ayana,1.228748322,0,36.98725891,33.40771484,3.546211243,0,0,0,0,0,0
2.10648E+15,rexy,0,0,0,0,0,0,0,0,0,0,0
2.1065E+15,what  saying?,0,0,0,0,0,0,0,0,0,0,0
2.11424E+15,ben,0,53.23831177,0,192.2026825,97.33682251,0,51.48701477,39.21139526,0,94.71775055,0
2.11501E+15,love,0,0,0,0,0,0,0,0,0,0,0
2.1152E+15,jamie,4.393096924,0,227.1497803,32.93537521,37.21233368,0,115.2868347,0,12.13336182,86.28500366,0
2.11742E+15,noah,0,0,52.50146484,518.3465576,192.1743927,0,0,0,9.798156738,0,14.9387207
2.12121E+15,chaitanya,0,0,0,0,0,0,0,0,0,0,0
2.1225E+15,monster  angry,0,0,0,0,0,0,0,0,0,0,0
2.12341E+15,stupid,0,0,0,0,0,0,0,0,0,0,0
2.12415E+15,Enes,0,0,44.21960068,13.3658638,9.780292511,0,0,0,0,0,0
2.12436E+15,nailah,0.858718872,117.6021118,352.2047729,58.32024002,38.09925842,0,104.1669312,0,0,54.42706299,0
2.125E+15,kyle,1.424194336,481.2875977,36.23097229,740.0429688,262.9128418,0,85.12014771,0,58.82061768,636.6153564,5.008911133
2.12612E+15,loraine,0,0,0,0,0,0,0,0,0,0,0
2.1265E+15,shojahon,0,48.60401917,0,8.419410706,115.4597015,0,167.6560059,0,0,113.3309631,0
2.12651E+15,ta  com  fome,0,0,0,0,0,0,0,0,0,0,0
2.12752E+15,georgia,0,0,0,0,0,0,0,0,0,0,0
2.12846E+14,frank,3.357797623,33.12762451,577.2849121,42.62660217,142.0043945,0,217.8387146,0,0,0,0
2.12854E+15,james,1.234664917,0,384.6729126,198.2668762,206.2263184,0,12.69641113,0,51.95248413,305.6768188,0
2.13127E+15,issue,0,0,0,0,0,0,0,0,0,0,0
2.20218E+15,read,0,0,0,0,0,0,0,0,0,0,0
2.20227E+15,julio,0,0,0,17.86921883,7.483592987,0,48.49761963,0,0,0,0
2.20229E+15,what  can  do?,0,0,0,0,0,0,0,0,0,0,0
2.20235E+15,matteo,0,0,0,0,0,0,0,0,0,0,0
2.20245E+15,connor,7.41015625,0,79.99075317,42.32843018,7.945831299,0,51.04367065,0,0,0,0
2.20409E+15,you?,1.331481934,0,0,210.6928406,72.77682495,0,38.55004883,0,11.42773438,35.68988037,0
2.20526E+15,fabian,0,0,0,0,0,0,0,0,0,0,0
2.20604E+15,tell  me  story,1.853240967,0,5.961334229,18.93938446,8.28326416,0,0,0,0,74.63787842,0
2.20734E+15,teddy  karnak,0,0,0,9.683425903,18.7003479,0,66.60041046,0,0,0,0
2.20849E+15,firtuna,0,0,0,0,0,0,0,0,0,0,0
2.21001E+15,josh,2.031057358,0,0,38.97190094,45.79005051,0,93.34446716,0,0,0,0
2.21025E+15,erica,0,60.21688843,84.71557617,41.97939301,19.60910034,0,30.00790405,0,0,0,0
2.21441E+15,russell  hotcha?,0,0,0,0,0,0,0,0,0,0,0
2.21512E+15,aavia,0,0,0,0,0,0,0,0,0,0,0
2.21545E+15,shopiea,2.313720703,158.7279816,174.2756958,850.3181152,29.11297607,0,0,0,0,62.20303345,0
2.21657E+14,rita,0,0,44.73179626,28.66714859,15.44596863,0,0,0,0,0,0
2.21658E+15,avi,0,0,0,0,0,0,0,0,0,0,0
2.22009E+15,tiana,0,0,0,0,0,0,0,0,0,0,0
2.22017E+15,clowno,0,91.89004517,774.0964966,224.4706116,84.80853271,0,0,0,49.5682373,0,0
2.22101E+15,play  80s,0,15.41917419,131.1779785,43.61803436,20.58411789,0,0,0,0,0,0
2.22156E+15,today?,0.877807617,0,134.4594116,205.1411591,11.53416443,0,0,0,0,0,0
2.22653E+15,libby,0,0,0,0,0,0,0,0,0,0,0
2.23036E+15,steph,0,0,0,0,0,0,0,0,0,0,0
2.30217E+15,fart,0,0,0,0,0,0,0,0,0,0,0
2.30244E+15,denuli!,0,0,246.5914307,1.390121579,39.96260834,0,269.0461426,0,0,0,0
2.30423E+15,noah,3.69140625,10.64605713,120.339386,29.56197739,336.1105347,0,56.45706177,0,0,0,0
2.30625E+15,sara,0,0,0,0,0,0,0,0,0,0,0
2.31803E+15,faye,1.368438721,0,160.7416687,267.571106,35.41534424,0,0,0,0,0,0
2.32502E+15,yes,0,0,0,0,0,0,0,0,0,0,0
2.32732E+15,cindy,0,0,0,0,0,0,0,0,0,0,0
2.32946E+15,sohel,0,0,20.8718071,0.950122833,12.52096176,0,0,0,0,0,0
2.32953E+15,aaira,8.609069824,0,0,410.0072937,5.061767578,0,73.06726074,0,0,0,0
2.33034E+15,oliver,0,0,0,0,0,0,0,0,0,0,0
alice202307180642499040,alice,2.840450287,0,29.28588867,6.946429729,24.80112839,0,0,0,0,0,0
bruno202309170816314055,bruno,0,0,262.9346619,11.46766567,31.88067245,0,261.5955505,0,0,111.3545074,0
christmas202309220806276568,christmas,0,0,102.0539246,22.27342987,31.02984619,0,0,0,0,0,0
hashim202309151321239876,hashim,1.183296204,0,0,75.55615234,8.066864014,0,31.42103577,0,0,0,0
josie81310784,josie,0,0,196.2524567,10.71988297,20.35064316,0,0,0,0,54.86720276,0
mariam202309271450188547,Hisham,0.700485229,0,86.61657715,129.8413544,18.63360596,0,0,0,0,0,0
yusuf202308011335265537,yusuf,0,0,0,43.33610916,3.332939148,0,55.91385269,0,0,0,0
